level,code,title,division_code,subdivision_code,group_code
division,A,"Agriculture, Forestry and Fishing",A,,
subdivision,01,Agriculture,A,01,
group,011,Nursery and Floriculture Production,A,01,011
class,0111,Nursery Production (Under Cover),A,01,011
class,0112,Nursery Production (Outdoors),A,01,011
class,0113,Turf Growing,A,01,011
class,0114,Floriculture Production (Under Cover),A,01,011
class,0115,Floriculture Production (Outdoors),A,01,011
group,012,Mushroom and Vegetable Growing,A,01,012
class,0121,Mushroom Growing,A,01,012
class,0122,Vegetable Growing (Under Cover),A,01,012
class,0123,Vegetable Growing (Outdoors),A,01,012
group,013,Fruit and Tree Nut Growing,A,01,013
class,0131,Grape Growing,A,01,013
class,0132,Kiwifruit Growing,A,01,013
class,0133,Berry Fruit Growing,A,01,013
class,0134,Apple and Pear Growing,A,01,013
class,0135,Stone Fruit Growing,A,01,013
class,0136,Citrus Fruit Growing,A,01,013
class,0137,Olive Growing,A,01,013
class,0139,Other Fruit and Tree Nut Growing,A,01,013
group,014,"Sheep, Beef Cattle and Grain Farming",A,01,014
class,0141,Sheep Farming (Specialised),A,01,014
class,0142,Beef Cattle Farming (Specialised),A,01,014
class,0143,Beef Cattle Feedlots (Specialised),A,01,014
class,0144,Sheep-Beef Cattle Farming,A,01,014
class,0145,Grain-Sheep or Grain-Beef Cattle Farming,A,01,014
class,0146,Rice Growing,A,01,014
class,0149,Other Grain Growing,A,01,014
group,015,Other Crop Growing,A,01,015
class,0151,Sugar Cane Growing,A,01,015
class,0152,Cotton Growing,A,01,015
class,0159,Other Crop Growing n.e.c.,A,01,015
group,016,Dairy Cattle Farming,A,01,016
class,0160,Dairy Cattle Farming,A,01,016
group,017,Poultry Farming,A,01,017
class,0171,Poultry Farming (Meat),A,01,017
class,0172,Poultry Farming (Eggs),A,01,017
group,018,Deer Farming,A,01,018
class,0180,Deer Farming,A,01,018
group,019,Other Livestock Farming,A,01,019
class,0191,Horse Farming,A,01,019
class,0192,Pig Farming,A,01,019
class,0193,Beekeeping,A,01,019
class,0199,Other Livestock Farming n.e.c.,A,01,019
subdivision,02,Aquaculture,A,02,
group,020,Aquaculture,A,02,020
class,0201,Offshore Longline and Rack Aquaculture,A,02,020
class,0202,Offshore Caged Aquaculture,A,02,020
class,0203,Onshore Aquaculture,A,02,020
subdivision,03,Forestry and Logging,A,03,
group,030,Forestry and Logging,A,03,030
class,0301,Forestry,A,03,030
class,0302,Logging,A,03,030
subdivision,04,"Fishing, Hunting and Trapping",A,04,
group,041,Fishing,A,04,041
class,0411,Rock Lobster and Crab Potting,A,04,041
class,0412,Prawn Fishing,A,04,041
class,0413,Line Fishing,A,04,041
class,0414,"Fish Trawling, Seining and Netting",A,04,041
class,0419,Other Fishing,A,04,041
group,042,Hunting and Trapping,A,04,042
class,0420,Hunting and Trapping,A,04,042
subdivision,05,"Agriculture, Forestry and Fishing Support Services",A,05,
group,051,Forestry Support Services,A,05,051
class,0510,Forestry Support Services,A,05,051
group,052,Agriculture and Fishing Support Services,A,05,052
class,0521,Cotton Ginning,A,05,052
class,0522,Shearing Services,A,05,052
class,0529,Other Agriculture and Fishing Support Services,A,05,052
division,B,Mining,B,,
subdivision,06,Coal Mining,B,06,
group,060,Coal Mining,B,06,060
class,0600,Coal Mining,B,06,060
subdivision,07,Oil and Gas Extraction,B,07,
group,070,Oil and Gas Extraction,B,07,070
class,0700,Oil and Gas Extraction,B,07,070
subdivision,08,Metal Ore Mining,B,08,
group,080,Metal Ore Mining,B,08,080
class,0801,Iron Ore Mining,B,08,080
class,0802,Bauxite Mining,B,08,080
class,0803,Copper Ore Mining,B,08,080
class,0804,Gold Ore Mining,B,08,080
class,0805,Mineral Sand Mining,B,08,080
class,0806,Nickel Ore Mining,B,08,080
class,0807,Silver-Lead-Zinc Ore Mining,B,08,080
class,0809,Other Metal Ore Mining,B,08,080
subdivision,09,Non-Metallic Mineral Mining and Quarrying,B,09,
group,091,Construction Material Mining,B,09,091
class,0911,Gravel and Sand Quarrying,B,09,091
class,0919,Other Construction Material Mining,B,09,091
group,099,Other Non-Metallic Mineral Mining and Quarrying,B,09,099
class,0990,Other Non-Metallic Mineral Mining and Quarrying,B,09,099
subdivision,10,Exploration and Other Mining Support Services,B,10,
group,101,Exploration,B,10,101
class,1011,Petroleum Exploration,B,10,101
class,1012,Mineral Exploration,B,10,101
group,109,Other Mining Support Services,B,10,109
class,1090,Other Mining Support Services,B,10,109
division,C,Manufacturing,C,,
subdivision,11,Food Product Manufacturing,C,11,
group,111,Meat and Meat Product Manufacturing,C,11,111
class,1111,Meat Processing,C,11,111
class,1112,Poultry Processing,C,11,111
class,1113,Cured Meat and Smallgoods Manufacturing,C,11,111
group,112,Seafood Processing,C,11,112
class,1120,Seafood Processing,C,11,112
group,113,Dairy Product Manufacturing,C,11,113
class,1131,Milk and Cream Processing,C,11,113
class,1132,Ice Cream Manufacturing,C,11,113
class,1133,Cheese and Other Dairy Product Manufacturing,C,11,113
group,114,Fruit and Vegetable Processing,C,11,114
class,1140,Fruit and Vegetable Processing,C,11,114
group,115,Oil and Fat Manufacturing,C,11,115
class,1150,Oil and Fat Manufacturing,C,11,115
group,116,Grain Mill and Cereal Product Manufacturing,C,11,116
class,1161,Grain Mill Product Manufacturing,C,11,116
class,1162,"Cereal, Pasta and Baking Mix Manufacturing",C,11,116
group,117,Bakery Product Manufacturing,C,11,117
class,1171,Bread Manufacturing (Factory based),C,11,117
class,1172,Cake and Pastry Manufacturing (Factory based),C,11,117
class,1173,Biscuit Manufacturing (Factory based),C,11,117
class,1174,Bakery Product Manufacturing (Non-factory based),C,11,117
group,118,Sugar and Confectionery Manufacturing,C,11,118
class,1181,Sugar Manufacturing,C,11,118
class,1182,Confectionery Manufacturing,C,11,118
group,119,Other Food Product Manufacturing,C,11,119
class,1191,"Potato, Corn and Other Crisp Manufacturing",C,11,119
class,1192,Prepared Animal and Bird Feed Manufacturing,C,11,119
class,1199,Other Food Product Manufacturing n.e.c.,C,11,119
subdivision,12,Beverage and Tobacco Product Manufacturing,C,12,
group,121,Beverage Manufacturing,C,12,121
class,1211,"Soft Drink, Cordial and Syrup Manufacturing",C,12,121
class,1212,Beer Manufacturing,C,12,121
class,1213,Spirit Manufacturing,C,12,121
class,1214,Wine and Other Alcoholic Beverage Manufacturing,C,12,121
group,122,Cigarette and Tobacco Product Manufacturing,C,12,122
class,1220,Cigarette and Tobacco Product Manufacturing,C,12,122
subdivision,13,"Textile, Leather, Clothing and Footwear Manufacturing",C,13,
group,131,Textile Manufacturing,C,13,131
class,1311,Wool Scouring,C,13,131
class,1312,Natural Textile Manufacturing,C,13,131
class,1313,Synthetic Textile Manufacturing,C,13,131
group,132,"Leather Tanning, Fur Dressing and Leather Product Manufacturing",C,13,132
class,1320,"Leather Tanning, Fur Dressing and Leather Product Manufacturing",C,13,132
group,133,Textile Product Manufacturing,C,13,133
class,1331,Textile Floor Covering Manufacturing,C,13,133
class,1332,"Rope, Cordage and Twine Manufacturing",C,13,133
class,1333,Cut and Sewn Textile Product Manufacturing,C,13,133
class,1334,Textile Finishing and Other Textile Product Manufacturing,C,13,133
group,134,Knitted Product Manufacturing,C,13,134
class,1340,Knitted Product Manufacturing,C,13,134
group,135,Clothing and Footwear Manufacturing,C,13,135
class,1351,Clothing Manufacturing,C,13,135
class,1352,Footwear Manufacturing,C,13,135
subdivision,14,Wood Product Manufacturing,C,14,
group,141,Log Sawmilling and Timber Dressing,C,14,141
class,1411,Log Sawmilling,C,14,141
class,1412,Wood Chipping,C,14,141
class,1413,Timber Resawing and Dressing,C,14,141
group,149,Other Wood Product Manufacturing,C,14,149
class,1491,Prefabricated Wooden Building Manufacturing,C,14,149
class,1492,Wooden Structural Fitting and Component Manufacturing,C,14,149
class,1493,Veneer and Plywood Manufacturing,C,14,149
class,1494,Reconstituted Wood Product Manufacturing,C,14,149
class,1499,Other Wood Product Manufacturing n.e.c.,C,14,149
subdivision,15,"Pulp, Paper and Converted Paper Product Manufacturing",C,15,
group,151,"Pulp, Paper and Paperboard Manufacturing",C,15,151
class,1510,"Pulp, Paper and Paperboard Manufacturing",C,15,151
group,152,Converted Paper Product Manufacturing,C,15,152
class,1521,Corrugated Paperboard and Paperboard Container Manufacturing,C,15,152
class,1522,Paper Bag Manufacturing,C,15,152
class,1523,Paper Stationery Manufacturing,C,15,152
class,1524,Sanitary Paper Product Manufacturing,C,15,152
class,1529,Other Converted Paper Product Manufacturing,C,15,152
subdivision,16,Printing (including the Reproduction of Recorded Media),C,16,
group,161,Printing and Printing Support Services,C,16,161
class,1611,Printing,C,16,161
class,1612,Printing Support Services,C,16,161
group,162,Reproduction of Recorded Media,C,16,162
class,1620,Reproduction of Recorded Media,C,16,162
subdivision,17,Petroleum and Coal Product Manufacturing,C,17,
group,170,Petroleum and Coal Product Manufacturing,C,17,170
class,1701,Petroleum Refining and Petroleum Fuel Manufacturing,C,17,170
class,1709,Other Petroleum and Coal Product Manufacturing,C,17,170
subdivision,18,Basic Chemical and Chemical Product Manufacturing,C,18,
group,181,Basic Chemical Manufacturing,C,18,181
class,1811,Industrial Gas Manufacturing,C,18,181
class,1812,Basic Organic Chemical Manufacturing,C,18,181
class,1813,Basic Inorganic Chemical Manufacturing,C,18,181
group,182,Basic Polymer Manufacturing,C,18,182
class,1821,Synthetic Resin and Synthetic Rubber Manufacturing,C,18,182
class,1829,Other Basic Polymer Manufacturing,C,18,182
group,183,Fertiliser and Pesticide Manufacturing,C,18,183
class,1831,Fertiliser Manufacturing,C,18,183
class,1832,Pesticide Manufacturing,C,18,183
group,184,Pharmaceutical and Medicinal Product Manufacturing,C,18,184
class,1841,Human Pharmaceutical and Medicinal Product Manufacturing,C,18,184
class,1842,Veterinary Pharmaceutical and Medicinal Product Manufacturing,C,18,184
group,185,Cleaning Compound and Toiletry Preparation Manufacturing,C,18,185
class,1851,Cleaning Compound Manufacturing,C,18,185
class,1852,Cosmetic and Toiletry Preparation Manufacturing,C,18,185
group,189,Other Basic Chemical Product Manufacturing,C,18,189
class,1891,Photographic Chemical Product Manufacturing,C,18,189
class,1892,Explosive Manufacturing,C,18,189
class,1899,Other Basic Chemical Product Manufacturing n.e.c.,C,18,189
subdivision,19,Polymer Product and Rubber Product Manufacturing,C,19,
group,191,Polymer Product Manufacturing,C,19,191
class,1911,Polymer Film and Sheet Packaging Material Manufacturing,C,19,191
class,1912,Rigid and Semi-Rigid Polymer Product Manufacturing,C,19,191
class,1913,Polymer Foam Product Manufacturing,C,19,191
class,1914,Tyre Manufacturing,C,19,191
class,1915,Adhesive Manufacturing,C,19,191
class,1916,Paint and Coatings Manufacturing,C,19,191
class,1919,Other Polymer Product Manufacturing,C,19,191
group,192,Natural Rubber Product Manufacturing,C,19,192
class,1920,Natural Rubber Product Manufacturing,C,19,192
subdivision,20,Non-Metallic Mineral Product Manufacturing,C,20,
group,201,Glass and Glass Product Manufacturing,C,20,201
class,2010,Glass and Glass Product Manufacturing,C,20,201
group,202,Ceramic Product Manufacturing,C,20,202
class,2021,Clay Brick Manufacturing,C,20,202
class,2029,Other Ceramic Product Manufacturing,C,20,202
group,203,"Cement, Lime, Plaster and Concrete Product Manufacturing",C,20,203
class,2031,Cement and Lime Manufacturing,C,20,203
class,2032,Plaster Product Manufacturing,C,20,203
class,2033,Ready-Mixed Concrete Manufacturing,C,20,203
class,2034,Concrete Product Manufacturing,C,20,203
group,209,Other Non-Metallic Mineral Product Manufacturing,C,20,209
class,2090,Other Non-Metallic Mineral Product Manufacturing,C,20,209
subdivision,21,Primary Metal and Metal Product Manufacturing,C,21,
group,211,Basic Ferrous Metal Manufacturing,C,21,211
class,2110,Iron Smelting and Steel Manufacturing,C,21,211
group,212,Basic Ferrous Metal Product Manufacturing,C,21,212
class,2121,Iron and Steel Casting,C,21,212
class,2122,Steel Pipe and Tube Manufacturing,C,21,212
group,213,Basic Non-Ferrous Metal Manufacturing,C,21,213
class,2131,Alumina Production,C,21,213
class,2132,Aluminium Smelting,C,21,213
class,2133,"Copper, Silver, Lead and Zinc Smelting and Refining",C,21,213
class,2139,Other Basic Non-Ferrous Metal Manufacturing,C,21,213
group,214,Basic Non-Ferrous Metal Product Manufacturing,C,21,214
class,2141,Non-Ferrous Metal Casting,C,21,214
class,2142,"Aluminium Rolling, Drawing, Extruding",C,21,214
class,2149,Other Basic Non-Ferrous Metal Product Manufacturing,C,21,214
subdivision,22,Fabricated Metal Product Manufacturing,C,22,
group,221,Iron and Steel Forging,C,22,221
class,2210,Iron and Steel Forging,C,22,221
group,222,Structural Metal Product Manufacturing,C,22,222
class,2221,Structural Steel Fabricating,C,22,222
class,2222,Prefabricated Metal Building Manufacturing,C,22,222
class,2223,Architectural Aluminium Product Manufacturing,C,22,222
class,2224,Metal Roof and Guttering Manufacturing (except Aluminium),C,22,222
class,2229,Other Structural Metal Product Manufacturing,C,22,222
group,223,Metal Container Manufacturing,C,22,223
class,2231,"Boiler, Tank and Other Heavy Gauge Metal Container Manufacturing",C,22,223
class,2239,Other Metal Container Manufacturing,C,22,223
group,224,Sheet Metal Product Manufacturing (except Metal Structural and Container,C,22,224
class,Products),nan,C,22,224
class,2240,Sheet Metal Product Manufacturing (except Metal Structural and Container,C,22,224
group,229,Other Fabricated Metal Product Manufacturing,C,22,229
class,2291,Spring and Wire Product Manufacturing,C,22,229
class,2292,"Nut, Bolt, Screw and Rivet Manufacturing",C,22,229
class,2293,Metal Coating and Finishing,C,22,229
class,2299,Other Fabricated Metal Product Manufacturing n.e.c.,C,22,229
subdivision,23,Transport Equipment Manufacturing,C,23,
group,231,Motor Vehicle and Motor Vehicle Part Manufacturing,C,23,231
class,2311,Motor Vehicle Manufacturing,C,23,231
class,2312,Motor Vehicle Body and Trailer Manufacturing,C,23,231
class,2313,Automotive Electrical Component Manufacturing,C,23,231
class,2319,Other Motor Vehicle Parts Manufacturing,C,23,231
group,239,Other Transport Equipment Manufacturing,C,23,239
class,2391,Shipbuilding and Repair Services,C,23,239
class,2392,Boatbuilding and Repair Services,C,23,239
class,2393,Railway Rolling Stock Manufacturing and Repair Services,C,23,239
class,2394,Aircraft Manufacturing and Repair Services,C,23,239
class,2399,Other Transport Equipment Manufacturing n.e.c.,C,23,239
subdivision,24,Machinery and Equipment Manufacturing,C,24,
group,241,Professional and Scientific Equipment Manufacturing,C,24,241
class,2411,"Photographic, Optical and Ophthalmic Equipment Manufacturing",C,24,241
class,2412,Medical and Surgical Equipment Manufacturing,C,24,241
class,2419,Other Professional and Scientific Equipment Manufacturing,C,24,241
group,242,Computer and Electronic Equipment Manufacturing,C,24,242
class,2421,Computer and Electronic Office Equipment Manufacturing,C,24,242
class,2422,Communication Equipment Manufacturing,C,24,242
class,2429,Other Electronic Equipment Manufacturing,C,24,242
group,243,Electrical Equipment Manufacturing,C,24,243
class,2431,Electric Cable and Wire Manufacturing,C,24,243
class,2432,Electric Lighting Equipment Manufacturing,C,24,243
class,2439,Other Electrical Equipment Manufacturing,C,24,243
group,244,Domestic Appliance Manufacturing,C,24,244
class,2441,Whiteware Appliance Manufacturing,C,24,244
class,2449,Other Domestic Appliance Manufacturing,C,24,244
group,245,"Pump, Compressor, Heating and Ventilation Equipment Manufacturing",C,24,245
class,2451,Pump and Compressor Manufacturing,C,24,245
class,2452,"Fixed Space Heating, Cooling and Ventilation Equipment Manufacturing",C,24,245
group,246,Specialised Machinery and Equipment Manufacturing,C,24,246
class,2461,Agricultural Machinery and Equipment Manufacturing,C,24,246
class,2462,Mining and Construction Machinery Manufacturing,C,24,246
class,2463,Machine Tool and Parts Manufacturing,C,24,246
class,2469,Other Specialised Machinery and Equipment Manufacturing,C,24,246
group,249,Other Machinery and Equipment Manufacturing,C,24,249
class,2491,Lifting and Material Handling Equipment Manufacturing,C,24,249
class,2499,Other Machinery and Equipment Manufacturing n.e.c.,C,24,249
subdivision,25,Furniture and Other Manufacturing,C,25,
group,251,Furniture Manufacturing,C,25,251
class,2511,Wooden Furniture and Upholstered Seat Manufacturing,C,25,251
class,2512,Metal Furniture Manufacturing,C,25,251
class,2513,Mattress Manufacturing,C,25,251
class,2519,Other Furniture Manufacturing,C,25,251
group,259,Other Manufacturing,C,25,259
class,2591,Jewellery and Silverware Manufacturing,C,25,259
class,2592,"Toy, Sporting and Recreational Product Manufacturing",C,25,259
class,2599,Other Manufacturing n.e.c.,C,25,259
division,D,"Electricity, Gas, Water and Waste Services",D,,
subdivision,26,Electricity Supply,D,26,
group,261,Electricity Generation,D,26,261
class,2611,Fossil Fuel Electricity Generation,D,26,261
class,2612,Hydro-Electricity Generation,D,26,261
class,2619,Other Electricity Generation,D,26,261
group,262,Electricity Transmission,D,26,262
class,2620,Electricity Transmission,D,26,262
group,263,Electricity Distribution,D,26,263
class,2630,Electricity Distribution,D,26,263
group,264,On Selling Electricity and Electricity Market Operation,D,26,264
class,2640,On Selling Electricity and Electricity Market Operation,D,26,264
subdivision,27,Gas Supply,D,27,
group,270,Gas Supply,D,27,270
class,2700,Gas Supply,D,27,270
subdivision,28,"Water Supply, Sewerage and Drainage Services",D,28,
group,281,"Water Supply, Sewerage and Drainage Services",D,28,281
class,2811,Water Supply,D,28,281
class,2812,Sewerage and Drainage Services,D,28,281
subdivision,29,"Waste Collection, Treatment and Disposal Services",D,29,
group,291,Waste Collection Services,D,29,291
class,2911,Solid Waste Collection Services,D,29,291
class,2919,Other Waste Collection Services,D,29,291
group,292,"Waste Treatment, Disposal and Remediation Services",D,29,292
class,2921,Waste Treatment and Disposal Services,D,29,292
class,2922,Waste Remediation and Materials Recovery Services,D,29,292
division,E,Construction,E,,
subdivision,30,Building Construction,E,30,
group,301,Residential Building Construction,E,30,301
class,3011,House Construction,E,30,301
class,3019,Other Residential Building Construction,E,30,301
group,302,Non-Residential Building Construction,E,30,302
class,3020,Non-Residential Building Construction,E,30,302
subdivision,31,Heavy and Civil Engineering Construction,E,31,
group,310,Heavy and Civil Engineering Construction,E,31,310
class,3101,Road and Bridge Construction,E,31,310
class,3109,Other Heavy and Civil Engineering Construction,E,31,310
subdivision,32,Construction Services,E,32,
group,321,Land Development and Site Preparation Services,E,32,321
class,3211,Land Development and Subdivision,E,32,321
class,3212,Site Preparation Services,E,32,321
group,322,Building Structure Services,E,32,322
class,3221,Concreting Services,E,32,322
class,3222,Bricklaying Services,E,32,322
class,3223,Roofing Services,E,32,322
class,3224,Structural Steel Erection Services,E,32,322
group,323,Building Installation Services,E,32,323
class,3231,Plumbing Services,E,32,323
class,3232,Electrical Services,E,32,323
class,3233,Air Conditioning and Heating Services,E,32,323
class,3234,Fire and Security Alarm Installation Services,E,32,323
class,3239,Other Building Installation Services,E,32,323
group,324,Building Completion Services,E,32,324
class,3241,Plastering and Ceiling Services,E,32,324
class,3242,Carpentry Services,E,32,324
class,3243,Tiling and Carpeting Services,E,32,324
class,3244,Painting and Decorating Services,E,32,324
class,3245,Glazing Services,E,32,324
group,329,Other Construction Services,E,32,329
class,3291,Landscape Construction Services,E,32,329
class,3292,Hire of Construction Machinery with Operator,E,32,329
class,3299,Other Construction Services n.e.c.,E,32,329
division,F,Wholesale Trade,F,,
subdivision,33,Basic Material Wholesaling,F,33,
group,331,Agricultural Product Wholesaling,F,33,331
class,3311,Wool Wholesaling,F,33,331
class,3312,Cereal Grain Wholesaling,F,33,331
class,3319,Other Agricultural Product Wholesaling,F,33,331
group,332,"Mineral, Metal and Chemical Wholesaling",F,33,332
class,3321,Petroleum Product Wholesaling,F,33,332
class,3322,Metal and Mineral Wholesaling,F,33,332
class,3323,Industrial and Agricultural Chemical Product Wholesaling,F,33,332
group,333,Timber and Hardware Goods Wholesaling,F,33,333
class,3331,Timber Wholesaling,F,33,333
class,3332,Plumbing Goods Wholesaling,F,33,333
class,3339,Other Hardware Goods Wholesaling,F,33,333
subdivision,34,Machinery and Equipment Wholesaling,F,34,
group,341,Specialised Industrial Machinery and Equipment Wholesaling,F,34,341
class,3411,Agricultural and Construction Machinery Wholesaling,F,34,341
class,3419,Other Specialised Industrial Machinery and Equipment Wholesaling,F,34,341
group,349,Other Machinery and Equipment Wholesaling,F,34,349
class,3491,Professional and Scientific Goods Wholesaling,F,34,349
class,3492,Computer and Computer Peripheral Wholesaling,F,34,349
class,3493,Telecommunication Goods Wholesaling,F,34,349
class,3494,Other Electrical and Electronic Goods Wholesaling,F,34,349
class,3499,Other Machinery and Equipment Wholesaling n.e.c.,F,34,349
subdivision,35,Motor Vehicle and Motor Vehicle Parts Wholesaling,F,35,
group,350,Motor Vehicle and Motor Vehicle Parts Wholesaling,F,35,350
class,3501,Car Wholesaling,F,35,350
class,3502,Commercial Vehicle Wholesaling,F,35,350
class,3503,Trailer and Other Motor Vehicle Wholesaling,F,35,350
class,3504,Motor Vehicle New Parts Wholesaling,F,35,350
class,3505,Motor Vehicle Dismantling and Used Parts Wholesaling,F,35,350
subdivision,36,"Grocery, Liquor and Tobacco Product Wholesaling",F,36,
group,360,"Grocery, Liquor and Tobacco Product Wholesaling",F,36,360
class,3601,General Line Grocery Wholesaling,F,36,360
class,3602,"Meat, Poultry and Smallgoods Wholesaling",F,36,360
class,3603,Dairy Produce Wholesaling,F,36,360
class,3604,Fish and Seafood Wholesaling,F,36,360
class,3605,Fruit and Vegetable Wholesaling,F,36,360
class,3606,Liquor and Tobacco Product Wholesaling,F,36,360
class,3609,Other Grocery Wholesaling,F,36,360
subdivision,37,Other Goods Wholesaling,F,37,
group,371,"Textile, Clothing and Footwear Wholesaling",F,37,371
class,3711,Textile Product Wholesaling,F,37,371
class,3712,Clothing and Footwear Wholesaling,F,37,371
group,372,Pharmaceutical and Toiletry Goods Wholesaling,F,37,372
class,3720,Pharmaceutical and Toiletry Goods Wholesaling,F,37,372
group,373,"Furniture, Floor Covering and Other Goods Wholesaling",F,37,373
class,3731,Furniture and Floor Covering Wholesaling,F,37,373
class,3732,Jewellery and Watch Wholesaling,F,37,373
class,3733,Kitchen and Diningware Wholesaling,F,37,373
class,3734,Toy and Sporting Goods Wholesaling,F,37,373
class,3735,Book and Magazine Wholesaling,F,37,373
class,3736,Paper Product Wholesaling,F,37,373
class,3739,Other Goods Wholesaling n.e.c.,F,37,373
subdivision,38,Commission-Based Wholesaling,F,38,
group,380,Commission-Based Wholesaling,F,38,380
class,3800,Commission-Based Wholesaling,F,38,380
division,G,Retail Trade,G,,
subdivision,39,Motor Vehicle and Motor Vehicle Parts Retailing,G,39,
group,391,Motor Vehicle Retailing,G,39,391
class,3911,Car Retailing,G,39,391
class,3912,Motor Cycle Retailing,G,39,391
class,3913,Trailer and Other Motor Vehicle Retailing,G,39,391
group,392,Motor Vehicle Parts and Tyre Retailing,G,39,392
class,3921,Motor Vehicle Parts Retailing,G,39,392
class,3922,Tyre Retailing,G,39,392
subdivision,40,Fuel Retailing,G,40,
group,400,Fuel Retailing,G,40,400
class,4000,Fuel Retailing,G,40,400
subdivision,41,Food Retailing,G,41,
group,411,Supermarket and Grocery Stores,G,41,411
class,4110,Supermarket and Grocery Stores,G,41,411
group,412,Specialised Food Retailing,G,41,412
class,4121,"Fresh Meat, Fish and Poultry Retailing",G,41,412
class,4122,Fruit and Vegetable Retailing,G,41,412
class,4123,Liquor Retailing,G,41,412
class,4129,Other Specialised Food Retailing,G,41,412
subdivision,42,Other Store-Based Retailing,G,42,
group,421,"Furniture, Floor Coverings, Houseware and Textile Goods Retailing",G,42,421
class,4211,Furniture Retailing,G,42,421
class,4212,Floor Coverings Retailing,G,42,421
class,4213,Houseware Retailing,G,42,421
class,4214,Manchester and Other Textile Goods Retailing,G,42,421
group,422,Electrical and Electronic Goods Retailing,G,42,422
class,4221,"Electrical, Electronic and Gas Appliance Retailing",G,42,422
class,4222,Computer and Computer Peripheral Retailing,G,42,422
class,4229,Other Electrical and Electronic Goods Retailing,G,42,422
group,423,"Hardware, Building and Garden Supplies Retailing",G,42,423
class,4231,Hardware and Building Supplies Retailing,G,42,423
class,4232,Garden Supplies Retailing,G,42,423
group,424,Recreational Goods Retailing,G,42,424
class,4241,Sport and Camping Equipment Retailing,G,42,424
class,4242,Entertainment Media Retailing,G,42,424
class,4243,Toy and Game Retailing,G,42,424
class,4244,Newspaper and Book Retailing,G,42,424
class,4245,Marine Equipment Retailing,G,42,424
group,425,"Clothing, Footwear and Personal Accessory Retailing",G,42,425
class,4251,Clothing Retailing,G,42,425
class,4252,Footwear Retailing,G,42,425
class,4253,Watch and Jewellery Retailing,G,42,425
class,4259,Other Personal Accessory Retailing,G,42,425
group,426,Department Stores,G,42,426
class,4260,Department Stores,G,42,426
group,427,Pharmaceutical and Other Store-Based Retailing,G,42,427
class,4271,"Pharmaceutical, Cosmetic and Toiletry Goods Retailing",G,42,427
class,4272,Stationery Goods Retailing,G,42,427
class,4273,Antique and Used Goods Retailing,G,42,427
class,4274,Flower Retailing,G,42,427
class,4279,Other Store-Based Retailing n.e.c.,G,42,427
subdivision,43,Non-Store Retailing and Retail Commission-Based Buying and/or Selling,G,43,
group,431,Non-Store Retailing,G,43,431
class,4310,Non-Store Retailing,G,43,431
group,432,Retail Commission-Based Buying and/or Selling,G,43,432
class,4320,Retail Commission-Based Buying and/or Selling,G,43,432
division,H,Accommodation and Food Services,H,,
subdivision,44,Accommodation,H,44,
group,440,Accommodation,H,44,440
class,4400,Accommodation,H,44,440
subdivision,45,Food and Beverage Services,H,45,
group,451,"Cafes, Restaurants and Takeaway Food Services",H,45,451
class,4511,Cafes and Restaurants,H,45,451
class,4512,Takeaway Food Services,H,45,451
class,4513,Catering Services,H,45,451
group,452,"Pubs, Taverns and Bars",H,45,452
class,4520,"Pubs, Taverns and Bars",H,45,452
group,453,Clubs (Hospitality),H,45,453
class,4530,Clubs (Hospitality),H,45,453
division,I,"Transport, Postal and Warehousing",I,,
subdivision,46,Road Transport,I,46,
group,461,Road Freight Transport,I,46,461
class,4610,Road Freight Transport,I,46,461
group,462,Road Passenger Transport,I,46,462
class,4621,Interurban and Rural Bus Transport,I,46,462
class,4622,Urban Bus Transport (Including Tramway),I,46,462
class,4623,Taxi and Other Road Transport,I,46,462
subdivision,47,Rail Transport,I,47,
group,471,Rail Freight Transport,I,47,471
class,4710,Rail Freight Transport,I,47,471
group,472,Rail Passenger Transport,I,47,472
class,4720,Rail Passenger Transport,I,47,472
subdivision,48,Water Transport,I,48,
group,481,Water Freight Transport,I,48,481
class,4810,Water Freight Transport,I,48,481
group,482,Water Passenger Transport,I,48,482
class,4820,Water Passenger Transport,I,48,482
subdivision,49,Air and Space Transport,I,49,
group,490,Air and Space Transport,I,49,490
class,4900,Air and Space Transport,I,49,490
subdivision,50,Other Transport,I,50,
group,501,Scenic and Sightseeing Transport,I,50,501
class,5010,Scenic and Sightseeing Transport,I,50,501
group,502,Pipeline and Other Transport,I,50,502
class,5021,Pipeline Transport,I,50,502
class,5029,Other Transport n.e.c.,I,50,502
subdivision,51,Postal and Courier Pick-up and Delivery Services,I,51,
group,510,Postal and Courier Pick-up and Delivery Services,I,51,510
class,5101,Postal Services,I,51,510
class,5102,Courier Pick-up and Delivery Services,I,51,510
subdivision,52,Transport Support Services,I,52,
group,521,Water Transport Support Services,I,52,521
class,5211,Stevedoring Services,I,52,521
class,5212,Port and Water Transport Terminal Operations,I,52,521
class,5219,Other Water Transport Support Services,I,52,521
group,522,Airport Operations and Other Air Transport Support Services,I,52,522
class,5220,Airport Operations and Other Air Transport Support Services,I,52,522
group,529,Other Transport Support Services,I,52,529
class,5291,Customs Agency Services,I,52,529
class,5292,Freight Forwarding Services,I,52,529
class,5299,Other Transport Support Services n.e.c.,I,52,529
subdivision,53,Warehousing and Storage Services,I,53,
group,530,Warehousing and Storage Services,I,53,530
class,5301,Grain Storage Services,I,53,530
class,5309,Other Warehousing and Storage Services,I,53,530
division,J,Information Media and Telecommunications,J,,
subdivision,54,Publishing (except Internet and Music Publishing),J,54,
group,541,"Newspaper, Periodical, Book and Directory Publishing",J,54,541
class,5411,Newspaper Publishing,J,54,541
class,5412,Magazine and Other Periodical Publishing,J,54,541
class,5413,Book Publishing,J,54,541
class,5414,Directory and Mailing List Publishing,J,54,541
class,5419,"Other Publishing (except Software, Music and Internet)",J,54,541
group,542,Software Publishing,J,54,542
class,5420,Software Publishing,J,54,542
subdivision,55,Motion Picture and Sound Recording Activities,J,55,
group,551,Motion Picture and Video Activities,J,55,551
class,5511,Motion Picture and Video Production,J,55,551
class,5512,Motion Picture and Video Distribution,J,55,551
class,5513,Motion Picture Exhibition,J,55,551
class,5514,Post-production Services and Other Motion Picture and Video Activities,J,55,551
group,552,Sound Recording and Music Publishing,J,55,552
class,5521,Music Publishing,J,55,552
class,5522,Music and Other Sound Recording Activities,J,55,552
subdivision,56,Broadcasting (except Internet),J,56,
group,561,Radio Broadcasting,J,56,561
class,5610,Radio Broadcasting,J,56,561
group,562,Television Broadcasting,J,56,562
class,5621,Free-to-Air Television Broadcasting,J,56,562
class,5622,Cable and Other Subscription Broadcasting,J,56,562
subdivision,57,Internet Publishing and Broadcasting,J,57,
group,570,Internet Publishing and Broadcasting,J,57,570
class,5700,Internet Publishing and Broadcasting,J,57,570
subdivision,58,Telecommunications Services,J,58,
group,580,Telecommunications Services,J,58,580
class,5801,Wired Telecommunications Network Operation,J,58,580
class,5802,Other Telecommunications Network Operation,J,58,580
class,5809,Other Telecommunications Services,J,58,580
subdivision,59,"Internet Service Providers, Web Search Portals and Data Processing Services",J,59,
group,591,Internet Service Providers and Web Search Portals,J,59,591
class,5910,Internet Service Providers and Web Search Portals,J,59,591
group,592,"Data Processing, Web Hosting and Electronic Information Storage Services",J,59,592
class,5921,Data Processing and Web Hosting Services,J,59,592
class,5922,Electronic Information Storage Services,J,59,592
subdivision,60,Library and Other Information Services,J,60,
group,601,Libraries and Archives,J,60,601
class,6010,Libraries and Archives,J,60,601
group,602,Other Information Services,J,60,602
class,6020,Other Information Services,J,60,602
division,K,Financial and Insurance Services,K,,
subdivision,62,Finance,K,62,
group,621,Central Banking,K,62,621
class,6210,Central Banking,K,62,621
group,622,Depository Financial Intermediation,K,62,622
class,6221,Banking,K,62,622
class,6222,Building Society Operation,K,62,622
class,6223,Credit Union Operation,K,62,622
class,6229,Other Depository Financial Intermediation,K,62,622
group,623,Non-Depository Financing,K,62,623
class,6230,Non-Depository Financing,K,62,623
group,624,Financial Asset Investing,K,62,624
class,6240,Financial Asset Investing,K,62,624
subdivision,63,Insurance and Superannuation Funds,K,63,
group,631,Life Insurance,K,63,631
class,6310,Life Insurance,K,63,631
group,632,Health and General Insurance,K,63,632
class,6321,Health Insurance,K,63,632
class,6322,General Insurance,K,63,632
group,633,Superannuation Funds,K,63,633
class,6330,Superannuation Funds,K,63,633
subdivision,64,Auxiliary Finance and Insurance Services,K,64,
group,641,Auxiliary Finance and Investment Services,K,64,641
class,6411,Financial Asset Broking Services,K,64,641
class,6419,Other Auxiliary Finance and Investment Services,K,64,641
group,642,Auxiliary Insurance Services,K,64,642
class,6420,Auxiliary Insurance Services,K,64,642
division,L,"Rental, Hiring and Real Estate Services",L,,
subdivision,66,Rental and Hiring Services (except Real Estate),L,66,
group,661,Motor Vehicle and Transport Equipment Rental and Hiring,L,66,661
class,6611,Passenger Car Rental and Hiring,L,66,661
class,6619,Other Motor Vehicle and Transport Equipment Rental and Hiring,L,66,661
group,662,Farm Animal and Bloodstock Leasing,L,66,662
class,6620,Farm Animal and Bloodstock Leasing,L,66,662
group,663,Other Goods and Equipment Rental and Hiring,L,66,663
class,6631,Heavy Machinery and Scaffolding Rental and Hiring,L,66,663
class,6632,Video and Other Electronic Media Rental and Hiring,L,66,663
class,6639,Other Goods and Equipment Rental and Hiring n.e.c.,L,66,663
group,664,Non-Financial Intangible Assets (Except Copyrights) Leasing,L,66,664
class,6640,Non-Financial Intangible Assets (Except Copyrights) Leasing,L,66,664
subdivision,67,Property Operators and Real Estate Services,L,67,
group,671,Property Operators,L,67,671
class,6711,Residential Property Operators,L,67,671
class,6712,Non-Residential Property Operators,L,67,671
group,672,Real Estate Services,L,67,672
class,6720,Real Estate Services,L,67,672
division,M,"Professional, Scientific and Technical Services",M,,
subdivision,69,"Professional, Scientific and Technical Services (Except Computer System Design and Related",M,69,
group,Services),nan,M,69,Services)
group,691,Scientific Research Services,M,69,691
class,6910,Scientific Research Services,M,69,691
group,692,"Architectural, Engineering and Technical Services",M,69,692
class,6921,Architectural Services,M,69,692
class,6922,Surveying and Mapping Services,M,69,692
class,6923,Engineering Design and Engineering Consulting Services,M,69,692
class,6924,Other Specialised Design Services,M,69,692
class,6925,Scientific Testing and Analysis Services,M,69,692
group,693,Legal and Accounting Services,M,69,693
class,6931,Legal Services,M,69,693
class,6932,Accounting Services,M,69,693
group,694,Advertising Services,M,69,694
class,6940,Advertising Services,M,69,694
group,695,Market Research and Statistical Services,M,69,695
class,6950,Market Research and Statistical Services,M,69,695
group,696,Management and Related Consulting Services,M,69,696
class,6961,Corporate Head Office Management Services,M,69,696
class,6962,Management Advice and Related Consulting Services,M,69,696
group,697,Veterinary Services,M,69,697
class,6970,Veterinary Services,M,69,697
group,699,"Other Professional, Scientific and Technical Services",M,69,699
class,6991,Professional Photographic Services,M,69,699
class,6999,"Other Professional, Scientific and Technical Services n.e.c.",M,69,699
subdivision,70,Computer System Design and Related Services,M,70,
group,700,Computer System Design and Related Services,M,70,700
class,7000,Computer System Design and Related Services,M,70,700
division,N,Administrative and Support Services,N,,
subdivision,72,Administrative Services,N,72,
group,721,Employment Services,N,72,721
class,7211,Employment Placement and Recruitment Services,N,72,721
class,7212,Labour Supply Services,N,72,721
group,722,Travel Agency and Tour Arrangement Services,N,72,722
class,7220,Travel Agency and Tour Arrangement Services,N,72,722
group,729,Other Administrative Services,N,72,729
class,7291,Office Administrative Services,N,72,729
class,7292,Document Preparation Services,N,72,729
class,7293,Credit Reporting and Debt Collection Services,N,72,729
class,7294,Call Centre Operation,N,72,729
class,7299,Other Administrative Services n.e.c.,N,72,729
subdivision,73,"Building Cleaning, Pest Control and Other Support Services",N,73,
group,731,"Building Cleaning, Pest Control and Gardening Services",N,73,731
class,7311,Building and Other Industrial Cleaning Services,N,73,731
class,7312,Building Pest Control Services,N,73,731
class,7313,Gardening Services,N,73,731
group,732,Packaging Services,N,73,732
class,7320,Packaging Services,N,73,732
division,O,Public Administration and Safety,O,,
subdivision,75,Public Administration,O,75,
group,751,Central Government Administration,O,75,751
class,7510,Central Government Administration,O,75,751
group,752,State Government Administration,O,75,752
class,7520,State Government Administration,O,75,752
group,753,Local Government Administration,O,75,753
class,7530,Local Government Administration,O,75,753
group,754,Justice,O,75,754
class,7540,Justice,O,75,754
group,755,Government Representation,O,75,755
class,7551,Domestic Government Representation,O,75,755
class,7552,Foreign Government Representation,O,75,755
subdivision,76,Defence,O,76,
group,760,Defence,O,76,760
class,7600,Defence,O,76,760
subdivision,77,"Public Order, Safety and Regulatory Services",O,77,
group,771,Public Order and Safety Services,O,77,771
class,7711,Police Services,O,77,771
class,7712,Investigation and Security Services,O,77,771
class,7713,Fire Protection and Other Emergency Services,O,77,771
class,7714,Correctional and Detention Services,O,77,771
class,7719,Other Public Order and Safety Services,O,77,771
group,772,Regulatory Services,O,77,772
class,7720,Regulatory Services,O,77,772
division,P,Education and Training,P,,
subdivision,80,Preschool and School Education,P,80,
group,801,Preschool Education,P,80,801
class,8010,Preschool Education,P,80,801
group,802,School Education,P,80,802
class,8021,Primary Education,P,80,802
class,8022,Secondary Education,P,80,802
class,8023,Combined Primary and Secondary Education,P,80,802
class,8024,Special School Education,P,80,802
subdivision,81,Tertiary Education,P,81,
group,810,Tertiary Education,P,81,810
class,8101,Technical and Vocational Education and Training,P,81,810
class,8102,Higher Education,P,81,810
subdivision,82,"Adult, Community and Other Education",P,82,
group,821,"Adult, Community and Other Education",P,82,821
class,8211,Sports and Physical Recreation Instruction,P,82,821
class,8212,Arts Education,P,82,821
class,8219,"Adult, Community and Other Education n.e.c.",P,82,821
group,822,Educational Support Services,P,82,822
class,8220,Educational Support Services,P,82,822
division,Q,Health Care and Social Assistance,Q,,
subdivision,84,Hospitals,Q,84,
group,840,Hospitals,Q,84,840
class,8401,Hospitals (Except Psychiatric Hospitals),Q,84,840
class,8402,Psychiatric Hospitals,Q,84,840
subdivision,85,Medical and Other Health Care Services,Q,85,
group,851,Medical Services,Q,85,851
class,8511,General Practice Medical Services,Q,85,851
class,8512,Specialist Medical Services,Q,85,851
group,852,Pathology and Diagnostic Imaging Services,Q,85,852
class,8520,Pathology and Diagnostic Imaging Services,Q,85,852
group,853,Allied Health Services,Q,85,853
class,8531,Dental Services,Q,85,853
class,8532,Optometry and Optical Dispensing,Q,85,853
class,8533,Physiotherapy Services,Q,85,853
class,8534,Chiropractic and Osteopathic Services,Q,85,853
class,8539,Other Allied Health Services,Q,85,853
group,859,Other Health Care Services,Q,85,859
class,8591,Ambulance Services,Q,85,859
class,8599,Other Health Care Services n.e.c.,Q,85,859
subdivision,86,Residential Care Services,Q,86,
group,860,Residential Care Services,Q,86,860
class,8601,Aged Care Residential Services,Q,86,860
class,8609,Other Residential Care Services,Q,86,860
subdivision,87,Social Assistance Services,Q,87,
group,871,Child Care Services,Q,87,871
class,8710,Child Care Services,Q,87,871
group,879,Other Social Assistance Services,Q,87,879
class,8790,Other Social Assistance Services,Q,87,879
division,R,Arts and Recreation Services,R,,
subdivision,89,Heritage Activities,R,89,
group,891,Museum Operation,R,89,891
class,8910,Museum Operation,R,89,891
group,892,Parks and Gardens Operations,R,89,892
class,8921,Zoological and Botanical Gardens Operation,R,89,892
class,8922,Nature Reserves and Conservation Parks Operation,R,89,892
subdivision,90,Creative and Performing Arts Activities,R,90,
group,900,Creative and Performing Arts Activities,R,90,900
class,9001,Performing Arts Operation,R,90,900
class,9002,"Creative Artists, Musicians, Writers and Performers",R,90,900
class,9003,Performing Arts Venue Operation,R,90,900
subdivision,91,Sports and Recreation Activities,R,91,
group,911,Sports and Physical Recreation Activities,R,91,911
class,9111,Health and Fitness Centres and Gymnasia Operation,R,91,911
class,9112,Sports and Physical Recreation Clubs and Sports Professionals,R,91,911
class,9113,"Sports and Physical Recreation Venues, Grounds and Facilities Operation",R,91,911
class,9114,Sports and Physical Recreation Administrative Service,R,91,911
group,912,Horse and Dog Racing Activities,R,91,912
class,9121,Horse and Dog Racing Administration and Track Operation,R,91,912
class,9129,Other Horse and Dog Racing Activities,R,91,912
group,913,Amusement and Other Recreation Activities,R,91,913
class,9131,Amusement Parks and Centres Operation,R,91,913
class,9139,Amusement and Other Recreational Activities n.e.c.,R,91,913
subdivision,92,Gambling Activities,R,92,
group,920,Gambling Activities,R,92,920
class,9201,Casino Operation,R,92,920
class,9202,Lottery Operation,R,92,920
class,9209,Other Gambling Activities,R,92,920
division,S,Other Services,S,,
subdivision,94,Repair and Maintenance,S,94,
group,941,Automotive Repair and Maintenance,S,94,941
class,9411,Automotive Electrical Services,S,94,941
class,9412,"Automotive Body, Paint and Interior Repair",S,94,941
class,9419,Other Automotive Repair and Maintenance,S,94,941
group,942,Machinery and Equipment Repair and Maintenance,S,94,942
class,9421,Domestic Appliance Repair and Maintenance,S,94,942
class,9422,Electronic (except Domestic Appliance) and Precision Equipment Repair,S,94,942
class,9429,Other Machinery and Equipment Repair and Maintenance,S,94,942
group,949,Other Repair and Maintenance,S,94,949
class,9491,Clothing and Footwear Repair,S,94,949
class,9499,Other Repair and Maintenance n.e.c.,S,94,949
subdivision,95,Personal and Other Services,S,95,
group,951,Personal Care Services,S,95,951
class,9511,Hairdressing and Beauty Services,S,95,951
class,9512,Diet and Weight Reduction Centre Operation,S,95,951
group,952,"Funeral, Crematorium and Cemetery Services",S,95,952
class,9520,"Funeral, Crematorium and Cemetery Services",S,95,952
group,953,Other Personal Services,S,95,953
class,9531,Laundry and Dry-Cleaning Services,S,95,953
class,9532,Photographic Film Processing,S,95,953
class,9533,Parking Services,S,95,953
class,9534,Brothel Keeping and Prostitution Services,S,95,953
class,9539,Other Personal Services n.e.c.,S,95,953
group,954,Religious Services,S,95,954
class,9540,Religious Services,S,95,954
group,955,"Civic, Professional and Other Interest Group Services",S,95,955
class,9551,Business and Professional Association Services,S,95,955
class,9552,Labour Association Services,S,95,955
class,9559,Other Interest Group Services n.e.c.,S,95,955
subdivision,96,Private Households Employing Staff and Undifferentiated Goods- and Service-Producing Activities,S,96,
group,of Households for Own Use,nan,S,96,of Households for Own Use
group,960,Private Households Employing Staff and Undifferentiated Goods- and,S,96,960
group,Service-Producing Activities of Households for Own Use,nan,S,96,Service-Producing Activities of Households for Own Use
class,9601,Private Households Employing Staff,S,96,Service-Producing Activities of Households for Own Use
class,9602,Undifferentiated Goods-Producing Activities of Private Households for Own Use,S,96,Service-Producing Activities of Households for Own Use
class,9603,Undifferentiated Service-Producing Activities of Private Households for Own Use,S,96,Service-Producing Activities of Households for Own Use
